cidade,bairro,tipo,modo,mediana_rs_m2,p25,p75,n_anuncios,yield_anual_pct,coleta
Palhoça,Alto Aririu,apartamento,venda,5191.3,4629.5,5839.6,6,,setembro/2026
Palhoça,Aririu,apartamento,venda,5494.4,5113.0,6403.5,56,6.81,setembro/2026
Palhoça,Aririu,apartamento,aluguel,31.2,26.9,37.7,44,6.81,setembro/2026
Palhoça,Aririú da Formiga,apartamento,venda,4557.7,4135.1,5055.6,11,7.48,setembro/2026
Palhoça,Aririú da Formiga,apartamento,aluguel,28.4,27.0,29.4,8,7.48,setembro/2026
Palhoça,Barra do Aririú,apartamento,venda,4833.3,4271.4,5952.4,49,7.82,setembro/2026
Palhoça,Barra do Aririú,apartamento,aluguel,31.5,27.0,41.3,26,7.82,setembro/2026
Palhoça,Bela Vista,apartamento,venda,5594.0,4823.1,6461.9,63,6.95,setembro/2026
Palhoça,Bela Vista,apartamento,aluguel,32.4,27.6,36.6,48,6.95,setembro/2026
Palhoça,Caminho Novo,apartamento,venda,5818.2,5111.1,6879.3,17,7.57,setembro/2026
Palhoça,Caminho Novo,apartamento,aluguel,36.7,30.2,43.2,15,7.57,setembro/2026
Palhoça,Centro,apartamento,venda,7150.8,6063.8,8742.5,113,5.59,setembro/2026
Palhoça,Centro,apartamento,aluguel,33.3,29.5,41.1,39,5.59,setembro/2026
Palhoça,Cidade Universitária Pedra Branca,apartamento,venda,9996.0,8430.7,11943.8,20,4.77,setembro/2026
Palhoça,Cidade Universitária Pedra Branca,apartamento,aluguel,39.7,35.8,47.4,26,4.77,setembro/2026
Palhoça,Guarda do Cubatão,apartamento,venda,5336.2,4771.1,5884.9,30,5.98,setembro/2026
Palhoça,Guarda do Cubatão,apartamento,aluguel,26.6,22.8,30.2,16,5.98,setembro/2026
Palhoça,Jardim Eldorado,apartamento,venda,6316.6,5604.6,8164.4,32,7.12,setembro/2026
Palhoça,Jardim Eldorado,apartamento,aluguel,37.5,34.3,41.6,9,7.12,setembro/2026
Palhoça,Madri,apartamento,venda,6111.1,5156.2,6545.5,5,6.54,setembro/2026
Palhoça,Madri,apartamento,aluguel,33.3,30.7,37.7,7,6.54,setembro/2026
Palhoça,Nova,apartamento,venda,5960.0,5306.5,6993.2,77,6.95,setembro/2026
Palhoça,Nova,apartamento,aluguel,34.5,30.0,42.0,29,6.95,setembro/2026
Palhoça,Nova Palhoca,apartamento,venda,6393.8,5929.8,6889.9,10,,setembro/2026
Palhoça,Pachecos,apartamento,venda,5238.1,4598.0,6444.4,13,6.74,setembro/2026
Palhoça,Pachecos,apartamento,aluguel,29.4,26.5,31.5,18,6.74,setembro/2026
Palhoça,Pagani,apartamento,venda,8281.2,6794.3,9980.5,219,5.58,setembro/2026
Palhoça,Pagani,apartamento,aluguel,38.5,31.0,49.3,100,5.58,setembro/2026
Palhoça,Passa Vinte,apartamento,venda,7066.7,6100.0,9622.6,81,5.76,setembro/2026
Palhoça,Passa Vinte,apartamento,aluguel,33.9,29.9,44.1,44,5.76,setembro/2026
Palhoça,Pedra Branca,apartamento,venda,11221.4,8878.2,13822.8,492,4.97,setembro/2026
Palhoça,Pedra Branca,apartamento,aluguel,46.5,37.2,57.1,201,4.97,setembro/2026
Palhoça,Pinheira,apartamento,venda,7759.1,6481.5,8947.5,69,7.15,setembro/2026
Palhoça,Pinheira,apartamento,aluguel,46.2,45.4,47.3,8,7.15,setembro/2026
Palhoça,Ponta do Papagaio,apartamento,venda,7800.0,5205.6,9243.3,7,,setembro/2026
Palhoça,Ponte do Imaruim,apartamento,venda,6833.3,6229.2,7675.4,41,5.85,setembro/2026
Palhoça,Ponte do Imaruim,apartamento,aluguel,33.3,26.2,40.7,32,5.85,setembro/2026
Palhoça,Praia da Pinheira,apartamento,venda,7500.0,6747.8,10206.1,11,,setembro/2026
Palhoça,Praia de Fora,apartamento,venda,6695.3,5236.2,7663.8,28,5.31,setembro/2026
Palhoça,Praia de Fora,apartamento,aluguel,29.6,24.0,31.5,18,5.31,setembro/2026
Palhoça,Praia do Sonho,apartamento,venda,8014.3,6558.6,9609.6,26,,setembro/2026
Palhoça,Praia do Sonho (Ens Brito),apartamento,venda,7333.3,6354.5,8169.0,5,,setembro/2026
Palhoça,Rio Grande,apartamento,venda,6380.0,5775.9,6500.0,9,,setembro/2026
Palhoça,São Sebastião,apartamento,venda,5460.8,4704.5,6410.6,60,6.64,setembro/2026
Palhoça,São Sebastião,apartamento,aluguel,30.2,25.5,37.6,43,6.64,setembro/2026
Palhoça,Alto Aririu,casa,venda,6131.6,3927.6,7251.1,51,,setembro/2026
Palhoça,Aririu,casa,venda,5000.0,3924.0,6038.1,67,7.92,setembro/2026
Palhoça,Aririu,casa,aluguel,33.0,26.0,37.7,11,7.92,setembro/2026
Palhoça,Aririú da Formiga,casa,venda,5741.7,4983.1,5957.2,11,,setembro/2026
Palhoça,Balneário Ponta do Papagaio (Ens Brito),casa,venda,5029.6,4334.1,5863.8,7,,setembro/2026
Palhoça,Barra do Aririú,casa,venda,5138.9,3625.0,6658.3,131,5.16,setembro/2026
Palhoça,Barra do Aririú,casa,aluguel,22.1,18.2,26.4,9,5.16,setembro/2026
Palhoça,Bela Vista,casa,venda,5442.5,3746.0,7092.1,291,8.64,setembro/2026
Palhoça,Bela Vista,casa,aluguel,39.2,26.6,45.7,34,8.64,setembro/2026
Palhoça,Caminho Novo,casa,venda,6034.2,4225.0,7386.8,48,,setembro/2026
Palhoça,Centro,casa,venda,5496.7,4312.3,7360.8,79,7.38,setembro/2026
Palhoça,Centro,casa,aluguel,33.8,25.2,40.1,17,7.38,setembro/2026
Palhoça,Cidade Universitária Pedra Branca,casa,venda,9266.7,8112.1,12865.1,23,5.93,setembro/2026
Palhoça,Cidade Universitária Pedra Branca,casa,aluguel,45.8,34.2,59.4,13,5.93,setembro/2026
Palhoça,Enseada de Brito,casa,venda,5555.6,4000.0,7528.7,33,,setembro/2026
Palhoça,Enseada do Brito,casa,venda,1991.6,1442.5,3690.0,7,,setembro/2026
Palhoça,Enseada do Brito (Ens Brito),casa,venda,4151.2,2217.5,5666.7,12,,setembro/2026
Palhoça,Guarda do Cubatão,casa,venda,5805.9,3671.1,7061.4,108,,setembro/2026
Palhoça,Guarda do Embaú,casa,venda,3249.5,2465.3,4835.4,27,,setembro/2026
Palhoça,Jardim Eldorado,casa,venda,5509.7,3962.6,7305.3,40,,setembro/2026
Palhoça,Madri,casa,venda,5791.7,3900.0,6964.3,65,6.44,setembro/2026
Palhoça,Madri,casa,aluguel,31.1,28.9,34.0,5,6.44,setembro/2026
Palhoça,Nova,casa,venda,5879.0,4277.1,7027.8,110,,setembro/2026
Palhoça,Nova Palhoca,casa,venda,6265.1,6141.7,6692.9,9,,setembro/2026
Palhoça,Pachecos,casa,venda,5143.5,3836.7,6896.1,30,,setembro/2026
Palhoça,Pagani,casa,venda,7250.0,5473.1,8275.5,71,7.1,setembro/2026
Palhoça,Pagani,casa,aluguel,42.9,25.7,54.5,13,7.1,setembro/2026
Palhoça,Passa Vinte,casa,venda,5277.8,4139.7,7680.8,51,9.07,setembro/2026
Palhoça,Passa Vinte,casa,aluguel,39.9,32.5,49.6,6,9.07,setembro/2026
Palhoça,Passagem de Maciambú (Ens Brito),casa,venda,2900.0,2666.7,4500.0,9,,setembro/2026
Palhoça,Passagem do Massiambú,casa,venda,3460.5,2520.2,5722.9,16,,setembro/2026
Palhoça,Pedra Branca,casa,venda,9781.1,7673.4,12866.7,360,7.29,setembro/2026
Palhoça,Pedra Branca,casa,aluguel,59.4,47.1,64.4,31,7.29,setembro/2026
Palhoça,Pinheira,casa,venda,3818.7,2484.7,5767.0,102,,setembro/2026
Palhoça,Ponta do Papagaio,casa,venda,6000.0,5039.3,7497.6,7,,setembro/2026
Palhoça,Ponte do Imaruim,casa,venda,5454.5,4116.7,7416.2,79,7.55,setembro/2026
Palhoça,Ponte do Imaruim,casa,aluguel,34.3,30.4,41.8,11,7.55,setembro/2026
Palhoça,Praia da Pinheira,casa,venda,3636.4,2557.1,4166.7,9,,setembro/2026
Palhoça,Praia de Fora,casa,venda,5968.1,3948.5,7636.0,92,4.99,setembro/2026
Palhoça,Praia de Fora,casa,aluguel,24.8,12.2,32.7,6,4.99,setembro/2026
Palhoça,Praia do Sonho,casa,venda,4219.8,2727.2,7129.5,78,,setembro/2026
Palhoça,Praia do Sonho (Ens Brito),casa,venda,7555.6,6288.5,8506.2,12,,setembro/2026
Palhoça,Rio Grande,casa,venda,5000.0,2944.4,6721.8,27,,setembro/2026
Palhoça,São Sebastião,casa,venda,5837.5,3994.4,7876.4,135,8.14,setembro/2026
Palhoça,São Sebastião,casa,aluguel,39.6,27.2,43.6,14,8.14,setembro/2026
Palhoça,Vale Verde,casa,venda,6882.3,5541.3,7725.0,18,,setembro/2026
Palhoça,Alto Aririu,terreno,venda,613.7,380.4,784.9,15,,setembro/2026
Palhoça,Aririu,terreno,venda,1144.1,950.0,1407.2,38,,setembro/2026
Palhoça,Barra do Aririú,terreno,venda,916.7,772.4,1109.3,31,,setembro/2026
Palhoça,Bela Vista,terreno,venda,1013.0,825.6,1237.1,87,,setembro/2026
Palhoça,Caminho Novo,terreno,venda,1681.0,1186.4,2194.4,9,,setembro/2026
Palhoça,Centro,terreno,venda,2082.4,1637.6,2709.6,14,,setembro/2026
Palhoça,Cidade Universitária Pedra Branca,terreno,venda,1942.3,1785.0,2500.0,9,,setembro/2026
Palhoça,Enseada do Brito,terreno,venda,450.7,286.4,621.5,6,,setembro/2026
Palhoça,Enseada do Brito (Ens Brito),terreno,venda,700.0,638.9,875.8,7,,setembro/2026
Palhoça,Guarda do Cubatão,terreno,venda,710.0,672.4,864.6,22,,setembro/2026
Palhoça,Guarda do Embaú,terreno,venda,2165.9,1403.0,2262.5,7,,setembro/2026
Palhoça,Jardim Eldorado,terreno,venda,1654.8,1309.0,2629.3,8,,setembro/2026
Palhoça,Nova,terreno,venda,1306.7,1209.5,1474.0,18,,setembro/2026
Palhoça,Pachecos,terreno,venda,993.8,897.2,1221.2,23,,setembro/2026
Palhoça,Pagani,terreno,venda,2361.1,1740.9,3611.1,45,,setembro/2026
Palhoça,Passa Vinte,terreno,venda,1450.9,1172.2,1660.0,23,,setembro/2026
Palhoça,Pedra Branca,terreno,venda,2035.9,1541.9,3047.7,174,,setembro/2026
Palhoça,Pinheira,terreno,venda,1227.7,1020.4,1500.0,33,,setembro/2026
Palhoça,Ponte do Imaruim,terreno,venda,2317.8,1802.9,2504.0,14,,setembro/2026
Palhoça,Praia da Pinheira,terreno,venda,1559.1,1242.3,2666.9,7,,setembro/2026
Palhoça,Praia de Fora,terreno,venda,1029.5,880.0,1220.8,26,,setembro/2026
Palhoça,Praia do Sonho,terreno,venda,1513.9,1389.4,1700.0,8,,setembro/2026
Palhoça,São Sebastião,terreno,venda,1135.6,963.0,1199.0,31,,setembro/2026
Palhoça,Aririu,sala,aluguel,46.7,41.5,60.0,8,,setembro/2026
Palhoça,Bela Vista,sala,aluguel,40.0,31.3,50.0,17,,setembro/2026
Palhoça,Caminho Novo,sala,aluguel,49.0,45.6,59.3,15,,setembro/2026
Palhoça,Centro,sala,venda,11892.9,11796.0,13250.0,5,5.25,setembro/2026
Palhoça,Centro,sala,aluguel,52.0,43.3,58.1,41,5.25,setembro/2026
Palhoça,Jardim Eldorado,sala,aluguel,50.0,37.0,60.8,7,,setembro/2026
Palhoça,Nova,sala,venda,5384.3,4818.7,6383.1,14,,setembro/2026
Palhoça,Pagani,sala,venda,9130.4,8000.0,10714.3,25,7.75,setembro/2026
Palhoça,Pagani,sala,aluguel,59.0,50.0,77.5,42,7.75,setembro/2026
Palhoça,Passa Vinte,sala,venda,7442.4,5945.2,8996.0,6,12.11,setembro/2026
Palhoça,Passa Vinte,sala,aluguel,75.1,48.6,80.0,10,12.11,setembro/2026
Palhoça,Pedra Branca,sala,venda,13231.1,10927.3,14751.4,10,7.26,setembro/2026
Palhoça,Pedra Branca,sala,aluguel,80.0,63.4,88.7,16,7.26,setembro/2026
Palhoça,Ponte do Imaruim,sala,aluguel,64.5,39.4,100.0,29,,setembro/2026
Palhoça,São Sebastião,sala,aluguel,30.6,26.2,50.0,5,,setembro/2026
Palhoça,Brejarú,galpao,aluguel,23.3,20.7,26.3,7,,setembro/2026
Palhoça,Centro,galpao,aluguel,34.7,29.1,34.9,6,,setembro/2026
Palhoça,Guarda do Cubatão,galpao,aluguel,18.7,13.9,21.7,5,,setembro/2026
Palhoça,Jardim Eldorado,galpao,aluguel,25.4,21.4,28.7,7,,setembro/2026
Palhoça,Nova,galpao,aluguel,34.7,31.7,36.8,7,,setembro/2026
Palhoça,Pachecos,galpao,aluguel,27.0,23.1,30.0,17,,setembro/2026
Palhoça,Pagani,galpao,aluguel,41.4,34.3,46.2,7,,setembro/2026
Palhoça,Passa Vinte,galpao,aluguel,32.4,29.2,35.0,9,,setembro/2026
Palhoça,Ponte do Imaruim,galpao,aluguel,32.5,31.3,35.1,6,,setembro/2026
